CUMHURBAÞKANI VE 28.DÖNEM MÝLLETVEKÝLÝ GENEL SEÇÝMÝ;;;;;;;;;;;;;;;;;;;;;;;;;;;;;;;;;;
Ýl Id;Ýl Adý;Kayýtlý Seçmen Sayýsý;Oy Kullanan Seçmen Sayýsý;Geçerli Oy Toplamý;MÝLLET;HAK-PAR;TKP;TKH;SOL PARTÝ;GENÇPARTÝ;MEMLEKET;BBP;AK PARTÝ;YENÝDEN REFAH;MHP;YEÞÝL SOL PARTÝ;TÝP;AB;ANAP;YP;HKP;MÝLLÝ YOL;VATAN PARTÝSÝ;GBP;CHP;ÝYÝ PARTÝ;AP;ZAFER PARTÝSÝ;SOSYALÝST GÜÇ BÝRLÝÐÝ ÝTTÝFAKI;CUMHUR ÝTTÝFAKI;EMEK VE ÖZGÜRLÜK ÝTTÝFAKI;MÝLLET ÝTTÝFAKI;ATA ÝTTÝFAKI;BAÐIMSIZ TOPLAM OY
;ÝLLER TOPLAMI;60.774.566;53.994.049;52.628.178;51.120;41.207;61.139;16.685;74.034;110.998;487.910;516.628;18.385.421;1.489.554;5.221.469;4.620.970;902.288;38.789;64.593;11.008;31.024;17.477;51.502;25.497;13.250.279;5.161.162;105.225;1.194.221;2.375;284.623;4.557;174.654;4.938;226.831
;Oy Oraný;;;;%0.09;%0.07;%0.11;%0.03;%0.14;%0.21;%0.92;%0.98;%34.93;%2.83;%9.92;%8.78;%1.71;%0.07;%0.12;%0.02;%0.05;%0.03;%0.09;%0.04;%25.17;%9.8;%0.19;%2.26;0%;%0.54;0%;%0.33;0%;%0.43
1;ADANA;1.615.326;1.414.930;1.378.331;1.411;873;1.362;353;2.290;4.092;10.733;12.594;412.978;24.556;149.861;133.770;31.347;1.406;0;0;866;0;1.804;0;392.822;149.935;0;29.480;45;8.594;310;5.823;8;1.018
;Oy Oraný;;;;%0.1;%0.06;%0.09;%0.02;%0.16;%0.29;%0.77;%0.91;%29.96;%1.78;%10.87;%9.7;%2.27;%0.1;0%;0%;%0.06;0%;%0.13;0%;%28.49;%10.87;0%;%2.13;0%;%0.62;%0.02;%0.42;0%;%0.07
2;ADIYAMAN;399.303;327.349;314.939;515;387;428;114;900;334;1.401;3.119;164.067;15.169;12.754;38.042;0;0;0;170;316;0;304;257;58.397;0;0;1.955;21;1.483;0;0;0;14.806
;Oy Oraný;;;;%0.16;%0.12;%0.13;%0.03;%0.28;%0.1;%0.44;%0.99;%52.09;%4.81;%4.04;%12.07;0%;0%;0%;%0.05;%0.1;0%;%0.09;%0.08;%18.54;0%;0%;%0.62;0%;%0.47;0%;0%;0%;%4.7
3;AFYONKARAHÝSAR;536.910;484.075;471.248;831;426;330;118;118;0;3.716;5.145;205.859;14.013;75.657;1.507;1.020;0;0;134;364;0;410;322;86.842;59.015;0;10.604;32;3.230;16;1.538;1;0
;Oy Oraný;;;;%0.17;%0.09;%0.07;%0.02;%0.02;0%;%0.78;%1.09;%43.68;%2.97;%16.05;%0.31;%0.21;0%;0%;%0.02;%0.07;0%;%0.08;%0.06;%18.42;%12.52;0%;%2.25;0%;%0.68;0%;%0.32;0%;0%
4;AÐRI;307.114;223.699;212.257;125;285;281;137;1.342;188;1.557;605;51.895;4.186;4.805;118.684;0;0;0;356;199;0;242;0;22.638;3.466;463;0;20;588;2;133;3;57
;Oy Oraný;;;;%0.05;%0.13;%0.13;%0.06;%0.63;%0.08;%0.73;%0.28;%24.44;%1.97;%2.26;%55.91;0%;0%;0%;%0.16;%0.09;0%;%0.11;0%;%10.66;%1.63;%0.21;0%;0%;%0.27;0%;%0.06;0%;%0.02
68;AKSARAY;296.566;257.662;250.917;377;220;164;54;256;319;1.727;5.304;108.422;6.465;52.466;1.477;628;394;0;108;197;158;271;0;0;63.281;0;3.379;29;2.199;13;2;0;3.007
;Oy Oraný;;;;%0.15;%0.08;%0.06;%0.02;%0.1;%0.12;%0.68;%2.11;%43.21;%2.57;%20.9;%0.58;%0.25;%0.15;0%;%0.04;%0.07;%0.06;%0.1;0%;0%;%25.21;0%;%1.34;%0.01;%0.87;0%;0%;0%;%1.19
5;AMASYA;256.807;236.644;230.956;159;247;135;62;136;224;1.289;1.914;90.021;4.133;38.680;780;845;0;424;51;156;0;152;151;68.337;16.590;742;3.486;8;1.550;6;647;31;0
;Oy Oraný;;;;%0.06;%0.1;%0.05;%0.02;%0.05;%0.09;%0.55;%0.82;%38.97;%1.78;%16.74;%0.33;%0.36;0%;%0.18;%0.02;%0.06;0%;%0.06;%0.06;%29.58;%7.18;%0.32;%1.5;0%;%0.67;0%;%0.28;%0.01;0%
6;ANKARA-1;1.519.161;1.384.165;1.361.329;1.124;459;3.561;552;1.425;2.023;12.973;11.737;327.354;26.453;109.393;53.827;0;1.111;1.810;0;494;623;1.292;778;569.969;179.283;2.525;41.141;73;5.382;37;5.201;167;562
;Oy Oraný;;;;%0.08;%0.03;%0.26;%0.04;%0.1;%0.14;%0.95;%0.86;%24.04;%1.94;%8.03;%3.95;0%;%0.08;%0.13;0%;%0.03;%0.04;%0.09;%0.05;%41.86;%13.16;%0.18;%3.02;0%;%0.39;0%;%0.38;%0.01;%0.04
6;ANKARA-2;1.293.561;1.172.206;1.149.060;1.167;439;848;204;709;2.086;10.806;16.194;473.400;40.204;136.526;25.120;13.071;1.109;1.936;136;337;656;636;548;234.208;133.811;2.820;40.189;52;7.680;83;3.726;170;189
;Oy Oraný;;;;%0.1;%0.03;%0.07;%0.01;%0.06;%0.18;%0.94;%1.4;%41.19;%3.49;%11.88;%2.18;%1.13;%0.09;%0.16;%0.01;%0.02;%0.05;%0.05;%0.04;%20.38;%11.64;%0.24;%3.49;0%;%0.66;0%;%0.32;%0.01;%0.01
6;ANKARA-3;1.472.922;1.353.444;1.331.171;1.331;420;1.242;283;811;2.516;14.228;21.035;419.133;36.563;142.189;32.799;32.647;1.062;1.779;196;389;635;979;678;369.501;186.564;3.174;49.077;37;6.747;109;4.616;202;229
;Oy Oraný;;;;%0.09;%0.03;%0.09;%0.02;%0.06;%0.18;%1.06;%1.58;%31.48;%2.74;%10.68;%2.46;%2.45;%0.07;%0.13;%0.01;%0.02;%0.04;%0.07;%0.05;%27.75;%14.01;%0.23;%3.68;0%;%0.5;0%;%0.34;%0.01;%0.01
7;ANTALYA;1.907.463;1.704.358;1.661.284;2.015;1.071;2.555;605;1.832;5.627;22.265;10.993;468.369;20.738;163.915;78.461;76.491;1.591;2.318;336;919;809;1.678;1.615;536.008;190.186;4.960;47.322;60;8.213;239;7.895;256;1.942
;Oy Oraný;;;;%0.12;%0.06;%0.15;%0.03;%0.11;%0.33;%1.34;%0.66;%28.19;%1.24;%9.86;%4.72;%4.6;%0.09;%0.13;%0.02;%0.05;%0.04;%0.1;%0.09;%32.26;%11.44;%0.29;%2.84;0%;%0.49;%0.01;%0.47;%0.01;%0.11
75;ARDAHAN;68.134;56.374;53.898;46;78;94;58;382;49;243;186;18.528;532;1.594;11.723;0;132;185;45;94;35;55;83;15.967;2.619;192;570;2;152;24;199;6;25
;Oy Oraný;;;;%0.08;%0.14;%0.17;%0.1;%0.7;%0.09;%0.45;%0.34;%34.37;%0.98;%2.95;%21.75;0%;%0.24;%0.34;%0.08;%0.17;%0.06;%0.1;%0.15;%29.62;%4.85;%0.35;%1.05;0%;%0.28;%0.04;%0.36;%0.01;%0.04
8;ARTVÝN;132.313;117.366;114.073;113;148;403;79;457;161;1.320;438;41.712;2.701;10.857;981;1.716;0;447;28;151;0;96;98;33.932;15.069;438;1.344;9;542;1;576;7;249
;Oy Oraný;;;;%0.09;%0.12;%0.35;%0.06;%0.4;%0.14;%1.15;%0.38;%36.56;%2.36;%9.51;%0.85;%1.5;0%;%0.39;%0.02;%0.13;0%;%0.08;%0.08;%29.74;%13.2;%0.38;%1.17;0%;%0.47;0%;%0.5;0%;%0.21
9;AYDIN;877.145;788.485;768.239;759;701;1.228;343;1.135;2.488;8.870;6.546;213.838;5.570;64.983;55.478;0;0;1.631;288;539;0;1.469;0;272.769;100.533;2.051;17.282;30;3.254;24;4.937;92;1.401
;Oy Oraný;;;;%0.09;%0.09;%0.15;%0.04;%0.14;%0.32;%1.15;%0.85;%27.83;%0.72;%8.45;%7.22;0%;0%;%0.21;%0.03;%0.07;0%;%0.19;0%;%35.5;%13.08;%0.26;%2.24;0%;%0.42;0%;%0.64;%0.01;%0.18
10;BALIKESÝR;990.605;903.269;881.676;1.017;1.106;862;265;691;2.446;10.794;6.069;299.651;18.373;70.651;17.642;10.672;963;0;289;649;0;1.644;0;276.241;130.339;3.242;18.326;20;4.077;51;5.396;113;87
;Oy Oraný;;;;%0.11;%0.12;%0.09;%0.03;%0.07;%0.27;%1.22;%0.68;%33.98;%2.08;%8.01;2%;%1.21;%0.1;0%;%0.03;%0.07;0%;%0.18;0%;%31.33;%14.78;%0.36;%2.07;0%;%0.46;0%;%0.61;%0.01;0%
74;BARTIN;156.092;137.941;131.686;253;272;277;111;117;448;1.184;595;47.457;2.324;30.933;419;0;439;509;106;231;0;229;175;41.680;0;677;1.911;6;1.307;0;1;25;0
;Oy Oraný;;;;%0.19;%0.2;%0.21;%0.08;%0.08;%0.34;%0.89;%0.45;%36.03;%1.76;%23.48;%0.31;0%;%0.33;%0.38;%0.08;%0.17;0%;%0.17;%0.13;%31.65;0%;%0.51;%1.45;0%;%0.99;0%;0%;%0.01;0%
72;BATMAN;400.078;339.912;325.582;150;533;224;81;1.872;0;1.110;995;92.399;3.448;3.675;193.025;0;0;0;405;144;0;124;247;25.765;0;474;0;55;844;4;6;2;0
;Oy Oraný;;;;%0.04;%0.16;%0.06;%0.02;%0.57;0%;%0.34;%0.3;%28.37;%1.05;%1.12;%59.28;0%;0%;0%;%0.12;%0.04;0%;%0.03;%0.07;%7.91;0%;%0.14;0%;%0.01;%0.25;0%;0%;0%;0%
69;BAYBURT;57.170;49.928;49.046;40;27;28;6;14;21;192;360;29.241;1.452;8.122;207;96;55;105;10;28;15;17;27;0;7.980;62;667;10;257;2;0;5;0
;Oy Oraný;;;;%0.08;%0.05;%0.05;%0.01;%0.02;%0.04;%0.39;%0.73;%59.61;%2.96;%16.55;%0.42;%0.19;%0.11;%0.21;%0.02;%0.05;%0.03;%0.03;%0.05;0%;%16.27;%0.12;%1.35;%0.02;%0.52;0%;0%;%0.01;0%
11;BÝLECÝK;167.113;153.699;149.866;196;96;112;34;102;557;1.858;1.291;55.030;4.911;15.251;3.954;1.242;176;385;36;89;0;169;88;39.782;18.467;516;3.382;7;700;9;631;24;771
;Oy Oraný;;;;%0.13;%0.06;%0.07;%0.02;%0.06;%0.37;%1.23;%0.86;%36.71;%3.27;%10.17;%2.63;%0.82;%0.11;%0.25;%0.02;%0.05;0%;%0.11;%0.05;%26.54;%12.32;%0.34;%2.25;0%;%0.46;0%;%0.42;%0.01;%0.51
12;BÝNGÖL;193.535;152.261;144.717;125;199;129;62;659;109;525;783;55.371;14.562;19.401;35.315;0;236;195;39;120;0;94;114;7.467;2.818;337;0;25;1.729;6;82;0;4.215
;Oy Oraný;;;;%0.08;%0.13;%0.08;%0.04;%0.45;%0.07;%0.36;%0.54;%38.26;%10.06;%13.4;%24.4;0%;%0.16;%0.13;%0.02;%0.08;0%;%0.06;%0.07;%5.15;%1.94;%0.23;0%;%0.01;%1.19;0%;%0.05;0%;%2.91
13;BÝTLÝS;221.007;180.958;173.436;180;315;284;110;1.004;232;1.046;561;63.837;3.635;6.161;70.825;0;467;300;122;156;0;142;192;0;22.914;305;0;13;634;0;0;1;0
;Oy Oraný;;;;%0.1;%0.18;%0.16;%0.06;%0.57;%0.13;%0.6;%0.32;%36.8;%2.09;%3.55;%40.83;0%;%0.26;%0.17;%0.07;%0.08;0%;%0.08;%0.11;0%;%13.21;%0.17;0%;0%;%0.36;0%;0%;0%;0%
14;BOLU;236.464;216.187;210.825;207;197;181;56;144;549;2.101;1.594;76.486;6.851;49.262;1.717;1.142;364;695;57;146;95;191;126;45.575;15.782;816;4.063;20;1.779;15;590;24;0
;Oy Oraný;;;;%0.09;%0.09;%0.08;%0.02;%0.06;%0.26;%0.99;%0.75;%36.27;%3.24;%23.36;%0.81;%0.54;%0.17;%0.32;%0.02;%0.06;%0.04;%0.09;%0.05;%21.61;%7.48;%0.38;%1.92;0%;%0.84;0%;%0.27;%0.01;0%
15;BURDUR;204.323;185.430;178.884;234;240;173;59;106;349;1.354;1.243;64.331;2.157;24.960;1.105;0;440;354;57;161;0;249;166;55.496;20.640;783;2.575;7;936;2;678;29;0
;Oy Oraný;;;;%0.13;%0.13;%0.09;%0.03;%0.05;%0.19;%0.75;%0.69;%35.96;%1.2;%13.95;%0.61;0%;%0.24;%0.19;%0.03;%0.09;0%;%0.13;%0.09;%31.02;%11.53;%0.43;%1.43;0%;%0.52;0%;%0.37;%0.01;0%
16;BURSA-1;1.221.525;1.114.854;1.092.375;1.314;675;861;232;806;4.280;15.286;9.001;385.414;34.293;85.837;33.529;14.607;1.047;1.805;180;534;308;1.635;0;294.252;150.123;3.102;41.943;30;5.046;83;5.159;277;716
;Oy Oraný;;;;%0.12;%0.06;%0.07;%0.02;%0.07;%0.39;%1.39;%0.82;%35.28;%3.13;%7.85;%3.06;%1.33;%0.09;%0.16;%0.01;%0.04;%0.02;%0.14;0%;%26.93;%13.74;%0.28;%3.83;0%;%0.46;0%;%0.47;%0.02;%0.06
16;BURSA-2;1.145.887;1.037.696;1.013.312;1.275;651;1.175;303;1.035;2.827;12.956;6.950;424.630;41.215;91.991;56.557;0;1.485;1.824;223;634;0;1.116;0;213.564;103.378;2.992;36.083;37;5.964;2;3.974;125;346
;Oy Oraný;;;;%0.12;%0.06;%0.11;%0.02;%0.1;%0.27;%1.27;%0.68;%41.9;%4.06;%9.07;%5.58;0%;%0.14;%0.18;%0.02;%0.06;0%;%0.11;0%;%21.07;%10.2;%0.29;%3.56;0%;%0.58;0%;%0.39;%0.01;%0.03
17;ÇANAKKALE;436.260;399.816;390.896;403;439;558;151;248;1.189;4.111;1.700;122.834;3.781;25.103;7.480;4.820;624;883;88;324;124;457;439;137.908;64.766;1.284;7.860;11;1.065;44;2.146;56;0
;Oy Oraný;;;;%0.1;%0.11;%0.14;%0.03;%0.06;%0.3;%1.05;%0.43;%31.42;%0.96;%6.42;%1.91;%1.23;%0.15;%0.22;%0.02;%0.08;%0.03;%0.11;%0.11;%35.27;%16.56;%0.32;%2.01;0%;%0.27;%0.01;%0.54;%0.01;0%
18;ÇANKIRI;141.860;126.148;123.191;149;178;79;33;119;162;571;1.245;51.358;3.696;38.322;367;297;0;275;95;83;77;147;0;0;22.241;342;1.895;1;1.447;2;0;10;0
;Oy Oraný;;;;%0.12;%0.14;%0.06;%0.02;%0.09;%0.13;%0.46;%1.01;%41.68;3%;%31.1;%0.29;%0.24;0%;%0.22;%0.07;%0.06;%0.06;%0.11;0%;0%;%18.05;%0.27;%1.53;0%;%1.17;0%;0%;0%;0%
19;ÇORUM;399.038;362.480;354.060;440;488;286;89;139;462;1.964;2.747;140.169;11.675;71.358;1.419;1.255;0;703;103;252;185;661;0;109.713;0;1.362;5.398;17;3.091;35;3;46;0
;Oy Oraný;;;;%0.12;%0.13;%0.08;%0.02;%0.03;%0.13;%0.55;%0.77;%39.58;%3.29;%20.15;%0.4;%0.35;0%;%0.19;%0.02;%0.07;%0.05;%0.18;0%;%30.98;0%;%0.38;%1.52;0%;%0.87;0%;0%;%0.01;0%
20;DENÝZLÝ;795.283;728.905;709.052;1.025;610;497;190;600;2.814;9.892;10.235;236.011;9.563;58.729;16.716;7.148;0;0;270;479;0;1.044;625;225.622;101.081;0;18.494;50;3.226;75;3.781;8;267
;Oy Oraný;;;;%0.14;%0.08;%0.07;%0.02;%0.08;%0.39;%1.39;%1.44;%33.28;%1.34;%8.28;%2.35;1%;0%;0%;%0.03;%0.06;0%;%0.14;%0.08;%31.82;%14.25;0%;%2.6;0%;%0.45;%0.01;%0.53;0%;%0.03
21;DÝYARBAKIR;1.147.014;937.335;896.596;503;1.792;993;343;5.120;875;3.835;1.939;199.476;13.904;10.207;561.265;0;0;0;1.150;617;363;595;724;68.478;19.864;0;0;147;2.107;7;688;0;1.604
;Oy Oraný;;;;%0.05;%0.19;%0.11;%0.03;%0.57;%0.09;%0.42;%0.21;%22.24;%1.55;%1.13;%62.59;0%;0%;0%;%0.12;%0.06;%0.04;%0.06;%0.08;%7.63;%2.21;0%;0%;%0.01;%0.23;0%;%0.07;0%;%0.17
81;DÜZCE;294.637;271.845;265.570;388;241;224;71;121;769;2.955;2.404;130.816;10.319;42.876;2.549;1.151;382;848;67;210;137;311;146;59.969;0;980;5.754;7;1.661;6;2;35;171
;Oy Oraný;;;;%0.14;%0.09;%0.08;%0.02;%0.04;%0.28;%1.11;%0.9;%49.25;%3.88;%16.14;%0.95;%0.43;%0.14;%0.31;%0.02;%0.07;%0.05;%0.11;%0.05;%22.58;0%;%0.36;%2.16;0%;%0.62;0%;0%;%0.01;%0.06
22;EDÝRNE;320.299;289.264;281.477;366;371;261;108;417;1.592;2.501;659;64.272;1.857;21.085;4.997;2.936;300;525;90;347;285;500;0;110.784;58.391;716;4.241;3;1.181;24;2.441;15;212
;Oy Oraný;;;;%0.13;%0.13;%0.09;%0.03;%0.14;%0.56;%0.88;%0.23;%22.83;%0.65;%7.49;%1.77;%1.04;%0.1;%0.18;%0.03;%0.12;%0.1;%0.17;0%;%39.35;%20.74;%0.25;%1.5;0%;%0.41;0%;%0.86;0%;%0.07
23;ELAZIÐ;431.293;369.962;356.398;149;337;200;98;489;177;785;1.396;141.816;13.031;40.446;25.066;0;0;709;66;220;109;460;0;73.132;8.390;0;1.950;23;2.261;6;380;2;44.700
;Oy Oraný;;;;%0.04;%0.09;%0.05;%0.02;%0.13;%0.04;%0.22;%0.39;%39.79;%3.65;%11.34;%7.03;0%;0%;%0.19;%0.01;%0.06;%0.03;%0.12;0%;%20.51;%2.35;0%;%0.54;0%;%0.63;0%;%0.1;0%;%12.54
24;ERZÝNCAN;170.013;153.862;151.143;60;73;39;24;67;71;430;550;57.501;2.178;29.787;1.553;366;0;308;15;65;0;77;95;54.883;0;320;1.460;12;902;9;0;23;275
;Oy Oraný;;;;%0.03;%0.04;%0.02;%0.01;%0.04;%0.04;%0.28;%0.36;%38.04;%1.44;%19.7;%1.02;%0.24;0%;%0.2;0%;%0.04;0%;%0.05;%0.06;%36.31;0%;%0.21;%0.96;0%;%0.59;0%;0%;%0.01;%0.18
25;ERZURUM;510.281;440.156;429.394;304;373;372;125;813;0;2.148;7.526;183.642;21.410;71.509;42.462;0;708;0;109;291;273;308;0;27.462;41.236;999;10.282;25;3.146;2;657;44;13.168
;Oy Oraný;;;;%0.07;%0.08;%0.08;%0.02;%0.18;0%;%0.5;%1.75;%42.76;%4.98;%16.65;%9.88;0%;%0.16;0%;%0.02;%0.06;%0.06;%0.07;0%;%6.39;%9.6;%0.23;%2.39;0%;%0.73;0%;%0.15;%0.01;%3.06
26;ESKÝÞEHÝR;689.529;626.357;614.299;836;342;717;132;397;1.981;7.892;6.793;199.350;8.717;43.670;12.020;9.924;0;0;117;286;215;568;418;209.209;86.097;0;18.617;12;2.480;37;3.119;5;348
;Oy Oraný;;;;%0.13;%0.05;%0.11;%0.02;%0.06;%0.32;%1.28;%1.1;%32.45;%1.41;%7.1;%1.95;%1.61;0%;0%;%0.01;%0.04;%0.03;%0.09;%0.06;%34.05;%14.01;0%;%3.03;0%;%0.4;0%;%0.5;0%;%0.05
27;GAZÝANTEP;1.361.806;1.166.755;1.133.176;1.547;810;1.285;343;1.828;0;8.454;7.828;503.081;46.838;108.261;102.986;0;1.561;2.080;406;546;776;656;795;227.471;61.542;2.502;37.425;52;7.343;12;2.232;214;4.302
;Oy Oraný;;;;%0.13;%0.07;%0.11;%0.03;%0.16;0%;%0.74;%0.69;%44.39;%4.13;%9.55;%9.08;0%;%0.13;%0.18;%0.03;%0.04;%0.06;%0.05;%0.07;%20.07;%5.43;%0.22;%3.3;0%;%0.64;0%;%0.19;%0.01;%0.37
28;GÝRESUN;349.475;308.630;299.850;320;568;301;83;169;0;2.399;1.754;127.661;7.421;46.737;721;1.308;0;0;48;315;156;308;161;60.973;38.598;1.439;4.623;30;2.159;11;1.168;36;383
;Oy Oraný;;;;%0.1;%0.18;%0.1;%0.02;%0.05;0%;%0.8;%0.58;%42.57;%2.47;%15.58;%0.24;%0.43;0%;0%;%0.01;%0.1;%0.05;%0.1;%0.05;%20.33;%12.87;%0.47;%1.54;%0.01;%0.72;0%;%0.38;%0.01;%0.12
29;GÜMÜÞHANE;96.626;80.087;78.192;107;72;46;27;51;0;405;645;36.684;2.092;20.640;231;207;113;199;25;53;73;42;56;0;14.601;139;860;1;785;6;2;7;23
;Oy Oraný;;;;%0.13;%0.09;%0.05;%0.03;%0.06;0%;%0.51;%0.82;%46.91;%2.67;%26.39;%0.29;%0.26;%0.14;%0.25;%0.03;%0.06;%0.09;%0.05;%0.07;0%;%18.67;%0.17;%1.09;0%;1%;0%;0%;0%;%0.02
30;HAKKARÝ;186.358;155.762;148.685;143;214;124;67;916;0;1.128;445;29.092;2.931;3.988;95.302;0;0;321;61;143;0;134;158;9.915;0;349;0;18;343;0;2;1;2.890
;Oy Oraný;;;;%0.09;%0.14;%0.08;%0.04;%0.61;0%;%0.75;%0.29;%19.56;%1.97;%2.68;%64.09;0%;0%;%0.21;%0.04;%0.09;0%;%0.09;%0.1;%6.66;0%;%0.23;0%;%0.01;%0.23;0%;0%;0%;%1.94
31;HATAY;1.062.886;883.802;864.726;591;424;2.472;446;1.180;1.260;4.342;7.743;286.568;15.837;104.557;26.088;75.658;0;0;276;428;0;532;637;244.964;70.101;0;11.507;51;5.066;91;2.472;11;1.424
;Oy Oraný;;;;%0.06;%0.04;%0.28;%0.05;%0.13;%0.14;%0.5;%0.89;%33.13;%1.83;%12.09;%3.01;%8.74;0%;0%;%0.03;%0.04;0%;%0.06;%0.07;%28.32;%8.1;0%;%1.33;0%;%0.58;%0.01;%0.28;0%;%0.16
76;IÐDIR;133.968;105.922;101.639;55;100;141;39;574;59;414;205;35.252;457;4.581;45.388;0;167;174;37;86;33;59;104;6.010;6.706;221;0;5;246;0;153;1;372
;Oy Oraný;;;;%0.05;%0.09;%0.13;%0.03;%0.56;%0.05;%0.4;%0.2;%34.68;%0.44;%4.5;%44.65;0%;%0.16;%0.17;%0.03;%0.08;%0.03;%0.05;%0.1;%5.91;%6.59;%0.21;0%;0%;%0.24;0%;%0.15;0%;%0.36
32;ISPARTA;328.395;294.657;285.725;335;266;198;84;72;495;2.481;1.536;91.130;5.196;58.423;1.975;900;0;477;63;189;134;384;0;62.799;47.409;1.118;5.552;8;1.968;6;1.180;54;1.293
;Oy Oraný;;;;%0.11;%0.09;%0.06;%0.02;%0.02;%0.17;%0.86;%0.53;%31.89;%1.81;%20.44;%0.69;%0.31;0%;%0.16;%0.02;%0.06;%0.04;%0.13;0%;%21.97;%16.59;%0.39;%1.94;0%;%0.68;0%;%0.41;%0.01;%0.45
34;ÝSTANBUL-1;4.203.519;3.838.686;3.769.992;2.480;1.489;4.839;1.223;3.854;7.105;38.158;37.850;1.281.898;112.619;225.296;234.883;175.881;2.758;4.370;365;1.127;799;2.912;1.995;1.192.744;295.449;7.663;102.722;102;16.501;563;10.881;439;1.027
;Oy Oraný;;;;%0.06;%0.03;%0.12;%0.03;%0.1;%0.18;%1.01;1%;34%;%2.98;%5.97;%6.23;%4.66;%0.07;%0.11;0%;%0.02;%0.02;%0.07;%0.05;%31.63;%7.83;%0.2;%2.72;0%;%0.43;%0.01;%0.28;%0.01;%0.02
34;ÝSTANBUL-2;3.114.944;2.806.945;2.749.298;1.943;1.107;3.150;796;3.266;6.632;27.393;19.403;1.036.875;106.588;153.043;202.700;101.991;2.013;3.691;311;901;760;1.854;1.468;724.973;237.942;6.216;78.649;64;13.037;388;8.888;342;2.914
;Oy Oraný;;;;%0.07;%0.04;%0.11;%0.02;%0.11;%0.24;%0.99;%0.7;%37.71;%3.87;%5.56;%7.37;%3.7;%0.07;%0.13;%0.01;%0.03;%0.02;%0.06;%0.05;%26.36;%8.65;%0.22;%2.86;0%;%0.47;%0.01;%0.32;%0.01;%0.1
34;ÝSTANBUL-3;4.049.135;3.645.354;3.556.584;2.846;1.527;3.373;947;5.128;8.710;35.638;24.697;1.251.454;111.920;228.023;380.027;132.485;3.549;4.777;0;1.347;1.028;2.412;2.082;930.352;288.129;0;103.850;100;15.140;761;10.595;39;5.648
;Oy Oraný;;;;%0.08;%0.04;%0.09;%0.02;%0.14;%0.24;1%;%0.69;%35.18;%3.14;%6.41;%10.68;%3.72;%0.09;%0.13;0%;%0.03;%0.02;%0.06;%0.05;%26.15;%8.1;0%;%2.91;0%;%0.42;%0.02;%0.29;0%;%0.15
35;ÝZMÝR-1;1.694.741;1.517.909;1.486.087;1.337;714;4.498;823;2.480;6.667;18.060;7.034;365.417;12.163;68.652;134.381;0;1.429;1.762;279;684;335;1.644;1.600;624.553;178.748;3.812;34.721;68;4.852;47;8.419;242;666
;Oy Oraný;;;;%0.08;%0.04;%0.3;%0.05;%0.16;%0.44;%1.21;%0.47;%24.58;%0.81;%4.61;%9.04;0%;%0.09;%0.11;%0.01;%0.04;%0.02;%0.11;%0.1;%42.02;%12.02;%0.25;%2.33;0%;%0.32;0%;%0.56;%0.01;%0.04
35;ÝZMÝR-2;1.750.764;1.592.061;1.553.179;1.639;932;2.777;667;1.852;5.964;18.144;6.892;374.190;14.376;86.707;92.075;85.103;1.555;2.121;295;833;456;1.793;1.481;623.362;171.799;4.037;36.956;63;5.141;243;8.220;239;3.267
;Oy Oraný;;;;%0.1;%0.06;%0.17;%0.04;%0.11;%0.38;%1.16;%0.44;%24.09;%0.92;%5.58;%5.92;%5.47;%0.1;%0.13;%0.01;%0.05;%0.02;%0.11;%0.09;%40.13;%11.06;%0.25;%2.37;0%;%0.33;%0.01;%0.52;%0.01;%0.21
46;KAHRAMANMARAÞ;753.538;643.623;627.604;514;630;516;188;286;706;4.527;9.884;296.287;34.455;101.159;7.264;0;0;1.035;144;459;1.541;445;339;99.919;44.594;1.604;10.810;9;5.451;8;1.065;47;3.718
;Oy Oraný;;;;%0.08;%0.1;%0.08;%0.02;%0.04;%0.11;%0.72;%1.57;%47.2;%5.48;%16.11;%1.15;0%;0%;%0.16;%0.02;%0.07;%0.24;%0.07;%0.05;%15.92;%7.1;%0.25;%1.72;0%;%0.86;0%;%0.16;0%;%0.59
78;KARABÜK;182.049;163.135;158.127;153;207;105;48;127;330;1.646;673;58.500;13.201;25.158;632;517;356;384;58;115;180;127;106;34.300;15.438;728;3.324;14;1.193;5;483;19;0
;Oy Oraný;;;;%0.09;%0.13;%0.06;%0.03;%0.08;%0.2;%1.04;%0.42;%36.99;%8.34;%15.9;%0.39;%0.32;%0.22;%0.24;%0.03;%0.07;%0.11;%0.08;%0.06;%21.69;%9.76;%0.46;%2.1;0%;%0.75;0%;%0.3;%0.01;0%
70;KARAMAN;188.052;168.690;163.674;185;175;183;72;106;307;1.519;4.394;66.200;3.715;29.609;803;444;269;263;44;158;0;142;94;31.058;18.005;560;3.081;12;1.335;2;464;17;458
;Oy Oraný;;;;%0.11;%0.1;%0.11;%0.04;%0.06;%0.18;%0.92;%2.68;%40.44;%2.26;%18.09;%0.49;%0.27;%0.16;%0.16;%0.02;%0.09;0%;%0.08;%0.05;%18.97;11%;%0.34;%1.88;0%;%0.81;0%;%0.28;%0.01;%0.27
36;KARS;185.196;147.343;141.217;114;131;216;77;738;173;753;847;35.030;2.757;13.494;40.227;0;362;0;79;185;118;159;167;22.698;21.327;386;0;10;693;0;472;4;0
;Oy Oraný;;;;%0.08;%0.09;%0.15;%0.05;%0.52;%0.12;%0.53;%0.59;%24.8;%1.95;%9.55;%28.48;0%;%0.25;0%;%0.05;%0.13;%0.08;%0.11;%0.11;%16.07;%15.1;%0.27;0%;0%;%0.49;0%;%0.33;0%;0%
37;KASTAMONU;295.628;260.353;251.359;342;395;245;111;110;467;1.937;2.276;112.858;10.232;37.593;543;0;0;1.139;64;343;159;289;188;54.027;19.289;1.356;4.432;21;2.141;5;689;35;73
;Oy Oraný;;;;%0.13;%0.15;%0.09;%0.04;%0.04;%0.18;%0.77;%0.9;%44.89;%4.07;%14.95;%0.21;0%;0%;%0.45;%0.02;%0.13;%0.06;%0.11;%0.07;%21.49;%7.67;%0.53;%1.76;0%;%0.85;0%;%0.27;%0.01;%0.02
38;KAYSERÝ;1.026.972;934.543;915.750;918;460;477;136;326;1.283;8.335;17.477;367.170;32.291;174.332;7.600;3.543;0;0;308;419;653;1.050;0;154.550;92.555;0;29.838;14;7.484;65;2.152;5;12.309
;Oy Oraný;;;;%0.1;%0.05;%0.05;%0.01;%0.03;%0.14;%0.91;%1.9;%40.09;%3.52;%19.03;%0.82;%0.38;0%;0%;%0.03;%0.04;%0.07;%0.11;0%;%16.87;%10.1;0%;%3.25;0%;%0.81;0%;%0.23;0%;%1.34
71;KIRIKKALE;203.290;180.995;176.696;106;84;67;39;40;171;829;1.163;61.360;3.214;37.436;528;0;0;465;33;101;104;186;0;46.759;18.074;447;2.718;11;1.806;7;555;18;375
;Oy Oraný;;;;%0.05;%0.04;%0.03;%0.02;%0.02;%0.09;%0.46;%0.65;%34.72;%1.81;%21.18;%0.29;0%;0%;%0.26;%0.01;%0.05;%0.05;%0.1;0%;%26.46;%10.22;%0.25;%1.53;0%;%1.02;0%;%0.31;%0.01;%0.21
39;KIRKLARELÝ;291.771;265.941;260.359;283;236;246;75;341;1.082;2.363;1.299;63.582;1.701;12.022;4.435;4.566;234;484;60;226;137;234;289;118.732;40.142;709;4.059;5;609;6;2.047;24;131
;Oy Oraný;;;;%0.1;%0.09;%0.09;%0.02;%0.13;%0.41;%0.9;%0.49;%24.42;%0.65;%4.61;%1.7;%1.75;%0.08;%0.18;%0.02;%0.08;%0.05;%0.08;%0.11;%45.6;%15.41;%0.27;%1.55;0%;%0.23;0%;%0.78;0%;%0.05
40;KIRÞEHÝR;174.209;152.511;148.589;116;108;128;33;132;117;1.114;1.475;56.806;2.372;21.997;3.677;589;0;396;31;89;209;85;150;43.280;10.797;536;2.900;8;923;12;493;16;0
;Oy Oraný;;;;%0.07;%0.07;%0.08;%0.02;%0.08;%0.07;%0.74;%0.99;%38.23;%1.59;%14.8;%2.47;%0.39;0%;%0.26;%0.02;%0.05;%0.14;%0.05;%0.1;%29.12;%7.26;%0.36;%1.95;0%;%0.62;0%;%0.33;%0.01;0%
79;KÝLÝS;97.198;86.337;84.073;78;46;71;15;28;133;582;364;32.719;1.968;22.604;724;0;94;123;21;45;0;41;56;16.758;4.861;138;1.598;24;833;0;142;7;0
;Oy Oraný;;;;%0.09;%0.05;%0.08;%0.01;%0.03;%0.15;%0.69;%0.43;%38.91;%2.34;%26.88;%0.86;0%;%0.11;%0.14;%0.02;%0.05;0%;%0.04;%0.06;%19.93;%5.78;%0.16;%1.9;%0.02;%0.99;0%;%0.16;0%;0%
41;KOCAELÝ;1.516.293;1.388.095;1.359.568;1.442;776;2.160;538;1.438;3.896;16.826;15.287;531.740;79.279;112.123;77.057;0;1.427;0;303;620;920;1.613;0;322.524;130.522;3.931;43.088;49;7.218;38;4.559;194;0
;Oy Oraný;;;;%0.1;%0.05;%0.15;%0.03;%0.1;%0.28;%1.23;%1.12;%39.11;%5.83;%8.24;%5.66;0%;%0.1;0%;%0.02;%0.04;%0.06;%0.11;0%;%23.72;%9.6;%0.28;%3.16;0%;%0.53;0%;%0.33;%0.01;0%
42;KONYA;1.630.438;1.453.918;1.415.892;1.622;1.035;817;270;1.027;0;12.574;28.814;674.006;72.931;202.108;36.133;4.565;0;2.494;0;930;0;830;679;187.182;123.996;5.075;42.301;53;9.666;80;2.909;225;3.570
;Oy Oraný;;;;%0.11;%0.07;%0.05;%0.01;%0.07;0%;%0.88;%2.03;%47.6;%5.15;%14.27;%2.55;%0.32;0%;%0.17;0%;%0.06;0%;%0.05;%0.04;%13.22;%8.75;%0.35;%2.98;0%;%0.68;0%;%0.2;%0.01;%0.25
43;KÜTAHYA;430.548;395.958;385.562;711;476;238;134;118;668;2.947;4.564;178.284;27.636;49.940;1.031;969;0;1.010;0;331;0;454;0;63.323;40.917;1.469;6.648;12;2.653;8;981;40;0
;Oy Oraný;;;;%0.18;%0.12;%0.06;%0.03;%0.03;%0.17;%0.76;%1.18;%46.24;%7.16;%12.95;%0.26;%0.25;0%;%0.26;0%;%0.08;0%;%0.11;0%;%16.42;%10.61;%0.38;%1.72;0%;%0.68;0%;%0.25;%0.01;0%
44;MALATYA;531.448;434.168;425.215;249;248;361;127;547;0;1.918;5.738;190.282;39.912;54.607;12.685;0;0;1.120;0;240;137;303;183;90.949;16.664;0;4.805;15;2.704;32;609;0;780
;Oy Oraný;;;;%0.05;%0.05;%0.08;%0.02;%0.12;0%;%0.45;%1.34;%44.74;%9.38;%12.84;%2.98;0%;0%;%0.26;0%;%0.05;%0.03;%0.07;%0.04;%21.38;%3.91;0%;%1.13;0%;%0.63;0%;%0.14;0%;%0.18
45;MANÝSA;1.107.246;1.018.436;987.647;1.266;1.112;1.519;418;1.058;3.136;9.915;13.135;304.748;15.264;137.929;55.699;0;0;0;363;871;746;1.580;0;289.007;110.325;3.743;22.093;35;7.386;16;4.986;131;1.166
;Oy Oraný;;;;%0.12;%0.11;%0.15;%0.04;%0.1;%0.31;1%;%1.32;%30.85;%1.54;%13.96;%5.63;0%;0%;0%;%0.03;%0.08;%0.07;%0.15;0%;%29.26;%11.17;%0.37;%2.23;0%;%0.74;0%;%0.5;%0.01;%0.11
47;MARDÝN;542.046;448.603;432.253;181;579;256;104;2.030;247;1.127;682;105.053;4.820;13.800;242.557;0;675;439;69;171;96;214;321;28.317;4.804;0;2.076;39;1.060;2;193;1;22.340
;Oy Oraný;;;;%0.04;%0.13;%0.05;%0.02;%0.46;%0.05;%0.26;%0.15;%24.3;%1.11;%3.19;%56.11;0%;%0.15;%0.1;%0.01;%0.03;%0.02;%0.04;%0.07;%6.55;%1.11;0%;%0.48;0%;%0.24;0%;%0.04;0%;%5.16
33;MERSÝN;1.380.533;1.234.541;1.206.319;959;799;1.204;310;1.930;2.620;8.571;5.404;289.043;10.721;143.041;160.674;23.998;1.220;0;199;541;0;864;832;371.950;144.623;2.574;22.013;59;6.231;323;5.400;133;83
;Oy Oraný;;;;%0.07;%0.06;%0.09;%0.02;%0.15;%0.21;%0.71;%0.44;%23.96;%0.88;%11.85;%13.31;%1.98;%0.1;0%;%0.01;%0.04;0%;%0.07;%0.06;%30.83;%11.98;%0.21;%1.82;0%;%0.51;%0.02;%0.44;%0.01;0%
48;MUÐLA;806.442;727.353;708.773;724;609;1.162;248;786;2.273;8.736;1.953;167.240;4.259;42.772;23.559;40.431;0;1.122;180;467;254;1.496;0;266.671;122.550;2.306;11.947;22;2.033;102;4.624;76;171
;Oy Oraný;;;;%0.1;%0.08;%0.16;%0.03;%0.11;%0.32;%1.23;%0.27;%23.59;%0.6;%6.03;%3.32;%5.7;0%;%0.15;%0.02;%0.06;%0.03;%0.21;0%;%37.62;%17.29;%0.32;%1.68;0%;%0.28;%0.01;%0.65;%0.01;%0.02
49;MUÞ;242.647;191.078;183.792;137;367;161;79;1.192;217;658;655;37.184;5.220;30.195;94.704;0;0;542;140;167;0;211;272;0;10.275;305;0;26;1.085;0;0;0;0
;Oy Oraný;;;;%0.07;%0.19;%0.08;%0.04;%0.64;%0.11;%0.35;%0.35;%20.23;%2.84;%16.42;%51.52;0%;0%;%0.29;%0.07;%0.09;0%;%0.11;%0.14;0%;%5.59;%0.16;0%;%0.01;%0.59;0%;0%;0%;0%
50;NEVÞEHÝR;225.497;204.104;199.220;120;141;119;49;106;165;1.005;1.778;77.465;4.002;40.585;973;767;0;428;38;121;0;231;0;34.129;31.921;616;2.552;4;1.292;7;596;10;0
;Oy Oraný;;;;%0.06;%0.07;%0.05;%0.02;%0.05;%0.08;%0.5;%0.89;%38.88;2%;%20.37;%0.48;%0.38;0%;%0.21;%0.01;%0.06;0%;%0.11;0%;%17.13;%16.02;%0.3;%1.28;0%;%0.64;0%;%0.29;0%;0%
51;NÝÐDE;258.263;228.063;222.259;189;200;121;59;81;223;1.394;1.244;73.457;5.848;49.847;993;460;0;337;35;151;69;221;184;53.239;27.442;610;3.252;12;1.857;19;693;22;0
;Oy Oraný;;;;%0.08;%0.08;%0.05;%0.02;%0.03;%0.1;%0.62;%0.55;%33.05;%2.63;%22.42;%0.44;%0.2;0%;%0.15;%0.01;%0.06;%0.03;%0.09;%0.08;%23.95;%12.34;%0.27;%1.46;0%;%0.83;0%;%0.31;0%;0%
52;ORDU;590.852;517.740;500.069;530;1.169;445;203;443;0;3.884;4.054;223.217;11.459;63.024;992;1.730;0;2.222;138;571;0;554;403;120.083;49.453;2.139;7.093;39;4.318;17;1.831;58;0
;Oy Oraný;;;;%0.1;%0.23;%0.08;%0.04;%0.08;0%;%0.77;%0.81;%44.63;%2.29;%12.6;%0.19;%0.34;0%;%0.44;%0.02;%0.11;0%;%0.11;%0.08;%24.01;%9.88;%0.42;%1.41;0%;%0.86;0%;%0.36;%0.01;0%
80;OSMANÝYE;386.647;339.200;331.910;265;191;237;83;156;641;2.047;1.882;107.224;6.445;94.925;6.624;940;368;0;55;368;0;389;0;56.292;42.311;0;5.731;11;3.417;28;892;3;385
;Oy Oraný;;;;%0.07;%0.05;%0.07;%0.02;%0.04;%0.19;%0.61;%0.56;%32.3;%1.94;%28.59;%1.99;%0.28;%0.11;0%;%0.01;%0.11;0%;%0.11;0%;%16.96;%12.74;0%;%1.72;0%;%1.02;0%;%0.26;0%;%0.11
53;RÝZE;265.362;236.421;231.469;244;281;156;58;165;275;2.386;3.665;123.311;11.885;29.939;689;683;0;1.407;48;166;123;163;148;49.450;0;939;4.050;9;1.180;21;0;28;0
;Oy Oraný;;;;%0.1;%0.12;%0.06;%0.02;%0.07;%0.11;%1.03;%1.58;%53.27;%5.13;%12.93;%0.29;%0.29;0%;%0.6;%0.02;%0.07;%0.05;%0.07;%0.06;%21.36;0%;%0.4;%1.74;0%;%0.5;0%;0%;%0.01;0%
54;SAKARYA;784.638;718.606;704.094;760;428;397;95;341;4.065;7.141;6.424;330.681;35.423;83.999;10.268;3.702;720;0;131;402;327;725;0;112.376;77.725;2.312;18.736;23;4.524;38;2.242;89;0
;Oy Oraný;;;;%0.1;%0.06;%0.05;%0.01;%0.04;%0.57;%1.01;%0.91;%46.96;%5.03;%11.93;%1.45;%0.52;%0.1;0%;%0.01;%0.05;%0.04;%0.1;0%;%15.96;%11.03;%0.32;%2.66;0%;%0.64;0%;%0.31;%0.01;0%
55;SAMSUN;1.024.653;915.707;891.297;1.171;900;923;253;456;1.866;9.599;12.224;372.755;35.770;126.144;2.493;5.583;1.541;2.322;0;715;0;722;399;172.977;108.800;0;19.545;36;7.459;50;3.306;10;3.278
;Oy Oraný;;;;%0.13;%0.1;%0.1;%0.02;%0.05;%0.2;%1.07;%1.37;%41.82;%4.01;%14.15;%0.27;%0.62;%0.17;%0.26;0%;%0.08;0%;%0.08;%0.04;%19.4;%12.2;0%;%2.19;0%;%0.83;0%;%0.37;0%;%0.36
56;SÝÝRT;201.853;168.261;160.199;75;198;128;60;710;133;739;442;56.688;1.880;5.804;76.719;0;317;215;0;136;0;147;0;11.467;2.272;230;0;11;471;1;88;0;1.268
;Oy Oraný;;;;%0.04;%0.12;%0.07;%0.03;%0.44;%0.08;%0.46;%0.27;%35.38;%1.17;%3.62;%47.88;0%;%0.19;%0.13;0%;%0.08;0%;%0.09;0%;%7.15;%1.41;%0.14;0%;0%;%0.29;0%;%0.05;0%;%0.79
57;SÝNOP;171.843;150.847;144.801;230;450;214;103;106;242;1.367;6.477;60.911;3.255;12.941;494;1.110;0;438;193;237;0;225;156;36.835;13.743;956;2.166;13;1.251;7;660;21;0
;Oy Oraný;;;;%0.15;%0.31;%0.14;%0.07;%0.07;%0.16;%0.94;%4.47;%42.06;%2.24;%8.93;%0.34;%0.76;0%;%0.3;%0.13;%0.16;0%;%0.15;%0.1;%25.43;%9.49;%0.66;%1.49;0%;%0.86;0%;%0.45;%0.01;0%
58;SÝVAS;460.697;411.022;403.906;244;263;222;75;162;0;2.075;41.064;161.382;13.925;72.782;1.723;1.509;0;0;59;171;962;216;310;64.534;29.554;0;7.307;14;3.852;21;808;5;667
;Oy Oraný;;;;%0.06;%0.06;%0.05;%0.01;%0.04;0%;%0.51;%10.16;%39.95;%3.44;%18.01;%0.42;%0.37;0%;0%;%0.01;%0.04;%0.23;%0.05;%0.07;%15.97;%7.31;0%;%1.8;0%;%0.95;0%;%0.2;0%;%0.16
63;ÞANLIURFA;1.221.634;999.527;956.187;638;805;697;263;3.290;0;3.712;4.157;406.246;28.289;88.632;242.215;0;1.252;1.092;0;443;736;523;643;71.338;43.645;0;0;49;5.392;18;713;0;51.399
;Oy Oraný;;;;%0.06;%0.08;%0.07;%0.02;%0.34;0%;%0.38;%0.43;%42.48;%2.95;%9.26;%25.33;0%;%0.13;%0.11;0%;%0.04;%0.07;%0.05;%0.06;%7.46;%4.56;0%;0%;0%;%0.56;0%;%0.07;0%;%5.37
73;ÞIRNAK;324.504;274.516;264.922;72;347;158;89;1.158;175;943;373;54.283;1.518;5.682;170.695;0;462;215;73;110;0;142;205;21.587;2.837;211;3.020;15;445;2;97;8;0
;Oy Oraný;;;;%0.02;%0.13;%0.05;%0.03;%0.43;%0.06;%0.35;%0.14;%20.49;%0.57;%2.14;%64.43;0%;%0.17;%0.08;%0.02;%0.04;0%;%0.05;%0.07;%8.14;%1.07;%0.07;%1.13;0%;%0.16;0%;%0.03;0%;0%
59;TEKÝRDAÐ;858.412;777.114;758.560;760;652;661;205;753;3.951;9.732;4.085;227.508;11.998;47.306;45.995;11.781;564;0;0;507;0;1.171;0;275.072;85.690;1.842;17.558;25;2.604;114;4.275;65;3.686
;Oy Oraný;;;;%0.1;%0.08;%0.08;%0.02;%0.09;%0.52;%1.28;%0.53;%29.99;%1.58;%6.23;%6.06;%1.55;%0.07;0%;0%;%0.06;0%;%0.15;0%;%36.26;%11.29;%0.24;%2.31;0%;%0.34;%0.01;%0.56;0%;%0.48
60;TOKAT;439.905;398.965;390.636;429;345;205;67;242;0;2.081;11.097;143.158;9.065;86.501;1.197;1.211;0;809;0;276;0;236;216;79.587;43.657;0;5.439;17;3.461;16;1.323;1;0
;Oy Oraný;;;;%0.1;%0.08;%0.05;%0.01;%0.06;0%;%0.53;%2.84;%36.64;%2.32;%22.14;%0.3;%0.31;0%;%0.2;0%;%0.07;0%;%0.06;%0.05;%20.37;%11.17;0%;%1.39;0%;%0.88;0%;%0.33;0%;0%
61;TRABZON;612.170;545.689;533.167;580;667;275;136;275;0;4.576;8.227;252.941;24.324;57.206;1.597;1.339;0;0;173;397;0;590;0;94.283;65.444;1.817;9.903;32;3.184;15;1.411;61;3.714
;Oy Oraný;;;;%0.1;%0.12;%0.05;%0.02;%0.05;0%;%0.85;%1.54;%47.44;%4.56;%10.72;%0.29;%0.25;0%;0%;%0.03;%0.07;0%;%0.11;0%;%17.68;%12.27;%0.34;%1.85;0%;%0.59;0%;%0.26;%0.01;%0.69
62;TUNCELÝ;65.578;57.236;56.010;29;47;140;72;702;61;263;165;6.762;547;3.006;24.571;0;0;80;27;26;13;39;44;17.996;1.234;59;0;3;53;0;71;0;0
;Oy Oraný;;;;%0.05;%0.08;%0.24;%0.12;%1.25;%0.1;%0.46;%0.29;%12.07;%0.97;%5.36;%43.86;0%;0%;%0.14;%0.04;%0.04;%0.02;%0.06;%0.07;%32.12;%2.2;%0.1;0%;0%;%0.09;0%;%0.12;0%;0%
64;UÞAK;280.741;255.490;247.618;247;220;139;62;321;619;2.172;1.619;87.692;3.494;22.803;3.216;851;299;529;0;210;0;405;0;71.639;43.858;871;4.025;7;1.113;12;1.171;24;0
;Oy Oraný;;;;%0.09;%0.08;%0.05;%0.02;%0.12;%0.24;%0.87;%0.65;%35.41;%1.41;%9.2;%1.29;%0.34;%0.12;%0.21;0%;%0.08;0%;%0.16;0%;%28.93;%17.71;%0.35;%1.62;0%;%0.44;0%;%0.47;0%;0%
65;VAN;707.861;556.622;529.624;277;865;747;281;3.231;0;2.553;4.429;132.620;16.656;25.514;287.429;0;0;0;0;1.041;276;542;0;43.459;0;0;4.101;66;2.972;0;0;0;2.565
;Oy Oraný;;;;%0.05;%0.16;%0.14;%0.05;%0.61;0%;%0.48;%0.83;%25.04;%3.14;%4.81;%54.27;0%;0%;0%;0%;%0.19;%0.05;%0.1;0%;%8.2;0%;0%;%0.77;%0.01;%0.56;0%;0%;0%;%0.48
77;YALOVA;204.857;178.510;174.301;255;99;120;34;191;418;4.914;1.123;58.467;3.684;19.620;9.789;1.774;157;364;26;89;65;140;132;49.891;16.781;508;4.030;3;889;22;690;26;0
;Oy Oraný;;;;%0.14;%0.05;%0.06;%0.01;%0.1;%0.23;%2.81;%0.64;%33.54;%2.11;%11.25;%5.61;%1.01;%0.09;%0.2;%0.01;%0.05;%0.03;%0.08;%0.07;%28.62;%9.62;%0.29;%2.31;0%;%0.51;%0.01;%0.39;%0.01;0%
66;YOZGAT;300.575;260.376;255.131;337;285;172;58;244;293;1.286;4.199;109.487;11.216;58.930;884;474;0;953;60;250;0;340;0;0;59.685;0;3.323;13;2.619;15;4;4;0
;Oy Oraný;;;;%0.13;%0.11;%0.06;%0.02;%0.09;%0.11;%0.5;%1.64;%42.91;%4.39;%23.09;%0.34;%0.18;0%;%0.37;%0.02;%0.09;0%;%0.13;0%;0%;%23.39;0%;%1.3;0%;%1.02;0%;0%;0%;0%
67;ZONGULDAK;457.832;408.820;392.013;638;649;364;168;298;1.136;3.530;3.338;155.104;9.850;32.436;1.287;1.798;836;1.241;148;420;0;602;332;125.553;39.469;2.078;7.064;17;1.731;10;1.721;74;121
;Oy Oraný;;;;%0.16;%0.16;%0.09;%0.04;%0.07;%0.28;%0.9;%0.85;%39.56;%2.51;%8.27;%0.32;%0.45;%0.21;%0.31;%0.03;%0.1;0%;%0.15;%0.08;%32.02;%10.06;%0.53;%1.8;0%;%0.44;0%;%0.43;%0.01;%0.03
